# id	formal_symbol	positive_project	positive_path	positive_test	negative_project	negative_path	negative_test	negative_kind	negative_reason
# Every checked HostProviderLifecycle invariant/property, including the deliberately false overlap witness, has a generated actual-path property and an adversarial or expected-failure control.
LLING-HOST-1	RetainsEqualOwners	lling-llang	tests/dynamic_semiring_abi.rs	host_provider_generated_semiring_lifecycle	lling-llang	tests/dynamic_semiring_abi.rs	host_provider_missing_retain_mutant_is_detected	panic-mutant	missing resource retain
LLING-HOST-2	NegotiationSound	lling-llang	tests/dynamic_semiring_abi.rs	host_provider_generated_version_and_error_publication	lling-llang	tests/dynamic_semiring_abi.rs	host_provider_generated_version_and_error_publication	adversarial-property	-
LLING-HOST-3	ErrorDoesNotPublish	lling-llang	tests/dynamic_semiring_abi.rs	host_provider_generated_version_and_error_publication	lling-llang	tests/dynamic_semiring_abi.rs	host_provider_generated_version_and_error_publication	adversarial-property	-
LLING-HOST-4	TokenGenerationSound	lling-llang	tests/host_provider_generational_semiring.rs	host_provider_generated_token_generations	lling-llang	tests/host_provider_generational_semiring.rs	host_provider_stale_generation_mutant_is_detected	panic-mutant	stale semiring generation accepted
LLING-HOST-5	StaleTokenNeverValid	lling-llang	tests/host_provider_generational_semiring.rs	host_provider_generated_token_generations	lling-llang	tests/host_provider_generational_semiring.rs	host_provider_stale_generation_mutant_is_detected	panic-mutant	stale semiring generation accepted
LLING-HOST-6	TokenUseStatusLaw	lling-llang	tests/host_provider_generational_semiring.rs	host_provider_generated_token_generations	lling-llang	tests/host_provider_generational_semiring.rs	host_provider_stale_generation_mutant_is_detected	panic-mutant	stale semiring generation accepted
LLING-HOST-7	SnapshotIdentityPinned	lling-llang	tests/ffi_concurrent_composition_stress.rs	host_provider_generated_wfst_snapshot_and_admission	lling-llang	tests/ffi_concurrent_composition_stress.rs	host_provider_generated_conflicting_claim_rejection	adversarial-property	-
LLING-HOST-8	SerialAdmission	lling-llang	tests/ffi_concurrent_composition_stress.rs	host_provider_generated_wfst_snapshot_and_admission	lling-llang	tests/ffi_concurrent_composition_stress.rs	host_provider_serial_gate_bypass_mutant_is_detected	panic-mutant	serial callback bypassed admission
LLING-HOST-9	ThreadAffinity	lling-llang	tests/dynamic_semiring_abi.rs	host_provider_generated_thread_affinity	lling-llang	tests/dynamic_semiring_abi.rs	host_provider_parallel_flag_mutant_is_detected	panic-mutant	wrong-thread callback was admitted
LLING-HOST-10	ThreadBoundAdmission	lling-llang	tests/dynamic_semiring_abi.rs	host_provider_generated_thread_affinity	lling-llang	tests/dynamic_semiring_abi.rs	host_provider_parallel_flag_mutant_is_detected	panic-mutant	wrong-thread callback was admitted
LLING-HOST-11	TypeOK	lling-llang	tests/dynamic_semiring_abi.rs	host_provider_generated_raw_status_domain	lling-llang	tests/dynamic_semiring_abi.rs	host_provider_generated_raw_status_domain	adversarial-property	-
LLING-HOST-12	NoCallbackAfterClose	lling-llang	tests/ffi_concurrent_composition_stress.rs	host_provider_generated_wfst_snapshot_and_admission	libdictenstein	tests/ffi_entries_batches.rs	entry_close_noop_mutant_is_detected	panic-mutant	closed cursor accepted a call
LLING-HOST-13	PageBounded	libdictenstein	tests/ffi_entries_batches.rs	generated_entry_cursor_preserves_snapshot_bounds_and_lease_generation	libdictenstein	tests/ffi_entries_batches.rs	entry_page_capacity_mutant_is_detected	panic-mutant	entry page exceeded capacity
LLING-HOST-14	CancelledNeverOpen	libdictenstein	tests/ffi_entries_batches.rs	generated_entry_cursor_preserves_snapshot_bounds_and_lease_generation	libdictenstein	tests/ffi_entries_batches.rs	entry_cancel_noop_mutant_is_detected	panic-mutant	cancelled cursor reopened
LLING-HOST-15	CursorEventuallyClosed	libdictenstein	tests/ffi_entries_batches.rs	generated_entry_cursor_preserves_snapshot_bounds_and_lease_generation	libdictenstein	tests/ffi_entries_batches.rs	entry_missing_lease_release_mutant_is_detected	panic-mutant	cursor never closed
LLING-HOST-16	CallOwnerExact	lling-llang	src/bindings.rs	context_gate_generated_alias_callback_schedules	lling-llang	tests/ffi_concurrent_composition_stress.rs	host_provider_serial_gate_bypass_mutant_is_detected	panic-mutant	serial callback bypassed admission
LLING-HOST-17	NoParallelOverlap	lling-llang	tests/ffi_concurrent_composition_stress.rs	host_provider_generated_wfst_snapshot_and_admission	lling-llang	tests/ffi_concurrent_composition_stress.rs	host_provider_serial_gate_bypass_mutant_is_detected	panic-mutant	serial callback bypassed admission
